{
  "final_return_ma": -156.77000427246094,
  "strength": 32.42499923706055,
  "max_strength": 88.0,
  "final_strength": 48.0,
  "sample_efficiency": 1.8086166164721362e-05,
  "training_efficiency": 3.7704856481468596e-07,
  "stability": 0.7292217016220093
}