{
  "final_return_ma": -199.24000549316406,
  "strength": 8.579999923706055,
  "max_strength": 98.0,
  "final_strength": 0.0,
  "sample_efficiency": 2.6213192541035824e-05,
  "training_efficiency": 5.465893764267094e-07,
  "stability": 0.720279723405838
}