{
  "final_return_ma": -195.0500030517578,
  "strength": 3.75,
  "max_strength": 73.0,
  "final_strength": 0.0,
  "sample_efficiency": 2.2937378162168898e-05,
  "training_efficiency": 4.782744440490205e-07,
  "stability": 0.5666666626930237
}