{
  "final_return_ma": -199.9600067138672,
  "strength": 6.184999942779541,
  "max_strength": 77.0,
  "final_strength": 0.0,
  "sample_efficiency": 2.7233581931795925e-05,
  "training_efficiency": 5.678923002960801e-07,
  "stability": 0.5497170686721802
}