{
  "final_return_ma": -172.36500358581543,
  "strength": 21.184999525547028,
  "max_strength": 90.875,
  "final_strength": 24.875,
  "sample_efficiency": 2.034481735790905e-05,
  "training_efficiency": 4.2417170220687694e-07,
  "stability": 0.6973061338067055,
  "consistency": -0.9048324055567027
}