{
  "final_return_ma": -141.6666717529297,
  "strength": 58.33333206176758,
  "max_strength": 65.0,
  "final_strength": 56.0,
  "sample_efficiency": 0.0012019048444926739,
  "training_efficiency": 0.0,
  "stability": 0.9243697449564934
}