{
  "final_return_ma": -188.6597900390625,
  "strength": 11.340206146240234,
  "max_strength": 84.0,
  "final_strength": 0.0,
  "sample_efficiency": 3.0024732041056268e-05,
  "training_efficiency": 6.261280418584647e-07,
  "stability": 0.5718181729316711
}