{
  "final_return_ma": -179.60000610351562,
  "strength": 19.245283126831055,
  "max_strength": 83.0,
  "final_strength": 37.0,
  "sample_efficiency": 2.5380686565767974e-05,
  "training_efficiency": 5.292138212098507e-07,
  "stability": 0.7453819215297699
}