{
  "final_return_ma": -197.22999572753906,
  "strength": 2.715686321258545,
  "max_strength": 76.0,
  "final_strength": 0.0,
  "sample_efficiency": 3.403754089958966e-05,
  "training_efficiency": 7.098986998244072e-07,
  "stability": 0.1083032488822937
}