{
  "final_return_ma": -179.3838348388672,
  "strength": 20.616161346435547,
  "max_strength": 84.0,
  "final_strength": 84.0,
  "sample_efficiency": 2.6181378416367806e-05,
  "training_efficiency": 5.459260705720226e-07,
  "stability": 0.708737850189209
}