{
  "final_return_ma": -190.99000549316406,
  "strength": 8.5,
  "max_strength": 73.0,
  "final_strength": 0.0,
  "sample_efficiency": 3.1028150260681286e-05,
  "training_efficiency": 6.470846187767165e-07,
  "stability": 0.440621554851532
}