epi,t,wall_t,opt_step,frame,fps,total_reward,total_reward_ma,loss,lr,explore_var,entropy_coef,entropy,grad_norm
0.0,0.0,0.0,0.0,0.0,0.0,,,,0.00011452834,0.2,,,
3.0,70.0,5.0,0.0,500.0,100.0,-146.0,-146.0,,0.00011452834,0.2,,,
7.0,4.0,8.0,0.0,1000.0,125.0,-135.0,-140.5,,0.00011452834,0.2,,,
10.0,88.0,12.0,0.0,1500.0,125.0,-144.0,-141.66667,,0.00011452834,0.2,,,
