{
  "final_return_ma": -186.86734008789062,
  "strength": 13.13265323638916,
  "max_strength": 103.0,
  "final_strength": 44.0,
  "sample_efficiency": 2.690955443540588e-05,
  "training_efficiency": 5.611330493593414e-07,
  "stability": 0.5044247806072235
}