{
  "final_return_ma": -192.90908813476562,
  "strength": 7.090909004211426,
  "max_strength": 75.0,
  "final_strength": 75.0,
  "sample_efficiency": 2.225170101155527e-05,
  "training_efficiency": 4.6390897523451713e-07,
  "stability": 0.6826156377792358
}