{
  "final_return_ma": -192.1999969482422,
  "strength": 7.800000190734863,
  "max_strength": 56.0,
  "final_strength": 49.0,
  "sample_efficiency": 2.294806472491473e-05,
  "training_efficiency": 4.784528755408246e-07,
  "stability": 0.8043775707483292
}