{
  "final_return_ma": -151.47000122070312,
  "strength": 33.084999084472656,
  "max_strength": 108.0,
  "final_strength": 51.0,
  "sample_efficiency": 1.683043228695169e-05,
  "training_efficiency": 3.50847813024302e-07,
  "stability": 0.8265306055545807
}