{
  "final_return_ma": -163.0800018310547,
  "strength": 26.549999237060547,
  "max_strength": 84.0,
  "final_strength": 50.0,
  "sample_efficiency": 1.7442600437789224e-05,
  "training_efficiency": 3.6361535649120924e-07,
  "stability": 0.678897351026535
}