{
  "final_return_ma": -164.88999938964844,
  "strength": 21.90999984741211,
  "max_strength": 104.0,
  "final_strength": 0.0,
  "sample_efficiency": 1.565558159200009e-05,
  "training_efficiency": 3.2633596447340096e-07,
  "stability": 0.7286626994609833
}