{
  "final_return_ma": -156.5454559326172,
  "strength": 43.45454406738281,
  "max_strength": 55.0,
  "final_strength": 51.0,
  "sample_efficiency": 0.0005897135124541819,
  "training_efficiency": 0.0,
  "stability": 0.7939110100269318
}