{
  "final_return_ma": -148.4600067138672,
  "strength": 36.994998931884766,
  "max_strength": 95.0,
  "final_strength": 50.0,
  "sample_efficiency": 1.8359605746809393e-05,
  "training_efficiency": 3.827697980796074e-07,
  "stability": 0.7784732580184937
}